date,total_value,CASH,MSFT_2027-06-17_330_CALL,NVDA_2027-06-17_145_CALL,TSLA
2026-09-04,117348.00,(44046.00|1.00),(18960.00|189.60),(18934.00|94.67),(35408.00|354.08)
2026-09-03,119752.50,(44046.00|1.00),(19550.00|195.50),(18520.00|92.60),(37636.50|376.37)
2026-09-02,117242.00,(44046.00|1.00),(20005.00|200.05),(17490.00|87.45),(35701.00|357.01)
2026-09-01,115764.00,(44046.00|1.00),(20005.00|200.05),(16104.00|80.52),(35609.00|356.09)
2026-08-31,117446.00,(44046.00|1.00),(20005.00|200.05),(16600.00|83.00),(36795.00|367.95)
2026-08-28,115234.00,(44046.00|1.00),(20005.00|200.05),(16308.00|81.54),(34875.00|348.75)
2026-08-27,116638.00,(44046.00|1.00),(18681.00|186.81),(18430.00|92.15),(35481.00|354.81)
2026-08-26,111558.00,(44046.00|1.00),(17800.00|178.00),(15130.00|75.65),(34582.00|345.82)
2026-08-25,111889.00,(44046.00|1.00),(17544.00|175.44),(15274.00|76.37),(35025.00|350.25)
2026-08-24,110876.00,(44046.00|1.00),(16795.00|167.95),(15140.00|75.70),(34895.00|348.95)
2026-08-21,113231.00,(44046.00|1.00),(16795.00|167.95),(16104.00|80.52),(36286.00|362.86)
2026-08-20,111754.00,(44046.00|1.00),(16795.00|167.95),(16400.00|82.00),(34513.00|345.13)
2026-08-19,112753.00,(44046.00|1.00),(16795.00|167.95),(16800.00|84.00),(35112.00|351.12)
2026-08-18,111316.00,(44046.00|1.00),(16795.00|167.95),(16788.00|83.94),(33687.00|336.87)
2026-08-17,113376.00,(44046.00|1.00),(17200.00|172.00),(18200.00|91.00),(33930.00|339.30)
2026-08-14,114107.00,(44046.00|1.00),(18014.00|180.14),(17820.00|89.10),(34227.00|342.27)
2026-08-13,113876.00,(44046.00|1.00),(18014.00|180.14),(17820.00|89.10),(33996.00|339.96)
2026-08-12,112500.00,(44046.00|1.00),(17883.00|178.83),(17820.00|89.10),(32751.00|327.51)
2026-08-11,112984.00,(44046.00|1.00),(18657.00|186.57),(17000.00|85.00),(33281.00|332.81)
2026-08-10,113214.00,(44046.00|1.00),(19080.00|190.80),(17000.00|85.00),(33088.00|330.88)
2026-08-07,113239.00,(44046.00|1.00),(18725.00|187.25),(17610.00|88.05),(32858.00|328.58)
2026-08-06,111049.00,(44046.00|1.00),(18228.00|182.28),(16822.00|84.11),(31953.00|319.53)
2026-08-05,111341.00,(44046.00|1.00),(17600.00|176.00),(17540.00|87.70),(32155.00|321.55)
2026-08-04,111049.00,(44046.00|1.00),(18400.00|184.00),(15868.00|79.34),(32735.00|327.35)
2026-08-03,108364.00,(44046.00|1.00),(17610.00|176.10),(14500.00|72.50),(32208.00|322.08)
2026-07-31,102718.00,(44046.00|1.00),(15055.00|150.55),(12496.00|62.48),(31121.00|311.21)
2026-07-30,101982.00,(44046.00|1.00),(14555.00|145.55),(12496.00|62.48),(30885.00|308.85)
2026-07-29,95406.00,(44046.00|1.00),(9520.00|95.20),(12008.00|60.04),(29832.00|298.32)
2026-07-28,97185.00,(44046.00|1.00),(9355.00|93.55),(13040.00|65.20),(30744.00|307.44)
2026-07-27,97761.00,(44046.00|1.00),(9303.00|93.03),(13490.00|67.45),(30922.00|309.22)
2026-07-24,99117.00,(44046.00|1.00),(8768.00|87.68),(15000.00|75.00),(31303.00|313.03)
2026-07-23,99740.00,(44046.00|1.00),(8575.00|85.75),(15150.00|75.75),(31969.00|319.69)
2026-07-22,104967.00,(44046.00|1.00),(9250.00|92.50),(14270.00|71.35),(37401.00|374.01)
2026-07-21,106209.00,(44046.00|1.00),(10000.00|100.00),(14270.00|71.35),(37893.00|378.93)
2026-07-20,105493.00,(44046.00|1.00),(10220.00|102.20),(14270.00|71.35),(36957.00|369.57)
2026-07-17,106021.00,(44046.00|1.00),(9391.00|93.91),(14500.00|72.50),(38084.00|380.84)
2026-07-16,108337.00,(44046.00|1.00),(10235.00|102.35),(14950.00|74.75),(39106.00|391.06)
2026-07-15,109226.00,(44046.00|1.00),(9810.00|98.10),(15924.00|79.62),(39446.00|394.46)
2026-07-14,108022.00,(44046.00|1.00),(9158.00|91.58),(15200.00|76.00),(39618.00|396.18)
2026-07-13,108180.00,(44046.00|1.00),(9578.00|95.78),(15080.00|75.40),(39476.00|394.76)
2026-07-10,108984.00,(44046.00|1.00),(9050.00|90.50),(15112.00|75.56),(40776.00|407.76)
2026-07-09,107786.00,(44046.00|1.00),(8725.00|87.25),(14360.00|71.80),(40655.00|406.55)
2026-07-08,105592.00,(44046.00|1.00),(8800.00|88.00),(13340.00|66.70),(39406.00|394.06)
2026-07-07,106771.00,(44046.00|1.00),(9285.00|92.85),(13150.00|65.75),(40290.00|402.90)
2026-07-06,108395.00,(44046.00|1.00),(9172.00|91.72),(13200.00|66.00),(41977.00|419.77)
2026-07-02,105615.00,(44046.00|1.00),(9570.00|95.70),(12654.00|63.27),(39345.00|393.45)
2026-07-01,109323.00,(44046.00|1.00),(9037.00|90.37),(13710.00|68.55),(42530.00|425.30)
2026-06-30,108016.00,(44046.00|1.00),(8200.00|82.00),(13710.00|68.55),(42060.00|420.60)
2026-06-29,105860.00,(44046.00|1.00),(7870.00|78.70),(12760.00|63.80),(41184.00|411.84)
2026-06-26,103325.00,(44046.00|1.00),(8500.00|85.00),(12808.00|64.04),(37971.00|379.71)
2026-06-25,101630.00,(44046.00|1.00),(6872.00|68.72),(13200.00|66.00),(37512.00|375.12)
2026-06-24,103459.00,(44046.00|1.00),(7800.00|78.00),(14060.00|70.30),(37553.00|375.53)
2026-06-23,106217.00,(44046.00|1.00),(8100.00|81.00),(15910.00|79.55),(38161.00|381.61)
2026-06-22,108161.00,(44046.00|1.00),(7700.00|77.00),(15910.00|79.55),(40505.00|405.05)
2026-06-18,108475.00,(44046.00|1.00),(8480.00|84.80),(15900.00|79.50),(40049.00|400.49)
2026-06-17,107495.00,(44046.00|1.00),(8515.00|85.15),(15296.00|76.48),(39638.00|396.38)
2026-06-16,109836.00,(44046.00|1.00),(9638.00|96.38),(15686.00|78.43),(40466.00|404.66)
2026-06-15,111436.00,(44046.00|1.00),(10075.00|100.75),(16200.00|81.00),(41115.00|411.15)
2026-06-12,109017.00,(44046.00|1.00),(9224.00|92.24),(15104.00|75.52),(40643.00|406.43)
2026-06-11,107751.00,(44046.00|1.00),(9510.00|95.10),(14280.00|71.40),(39915.00|399.15)
2026-06-10,107613.00,(44046.00|1.00),(10078.00|100.78),(15330.00|76.65),(38159.00|381.59)
2026-06-09,109330.00,(44046.00|1.00),(10400.00|104.00),(15216.00|76.08),(39668.00|396.68)
2026-06-08,111765.00,(44046.00|1.00),(11130.00|111.30),(15694.00|78.47),(40895.00|408.95)
2026-06-05,111320.00,(44046.00|1.00),(11560.00|115.60),(16614.00|83.07),(39100.00|391.00)
2026-06-04,114861.00,(44046.00|1.00),(12592.00|125.92),(16378.00|81.89),(41845.00|418.45)
2026-06-03,116156.00,(44046.00|1.00),(12500.00|125.00),(17240.00|86.20),(42370.00|423.70)
2026-06-02,118920.00,(44046.00|1.00),(13700.00|137.00),(18800.00|94.00),(42374.00|423.74)
2026-06-01,119594.00,(44046.00|1.00),(15510.00|155.10),(18450.00|92.25),(41588.00|415.88)
2026-05-29,119045.00,(44046.00|1.00),(14250.00|142.50),(17170.00|85.85),(43579.00|435.79)
2026-05-28,116336.00,(44046.00|1.00),(12230.00|122.30),(15850.00|79.25),(44210.00|442.10)
2026-05-27,115052.00,(44046.00|1.00),(11120.00|111.20),(15850.00|79.25),(44036.00|440.36)
2026-05-26,115529.00,(44046.00|1.00),(11600.00|116.00),(16524.00|82.62),(43359.00|433.59)
2026-05-22,115275.00,(44046.00|1.00),(11600.00|116.00),(17028.00|85.14),(42601.00|426.01)
2026-05-21,115715.00,(44046.00|1.00),(11724.00|117.24),(18160.00|90.80),(41785.00|417.85)
2026-05-20,115956.00,(44046.00|1.00),(11380.00|113.80),(18804.00|94.02),(41726.00|417.26)
2026-05-19,114585.00,(44046.00|1.00),(11500.00|115.00),(18628.00|93.14),(40411.00|404.11)
2026-05-18,115673.00,(44046.00|1.00),(12000.00|120.00),(18628.00|93.14),(40999.00|409.99)
2026-05-15,118395.00,(44046.00|1.00),(12095.00|120.95),(20030.00|100.15),(42224.00|422.24)
2026-05-14,120216.00,(44046.00|1.00),(10830.00|108.30),(21010.00|105.05),(44330.00|443.30)
2026-05-13,118268.00,(44046.00|1.00),(10465.00|104.65),(19230.00|96.15),(44527.00|445.27)
2026-05-12,116175.00,(44046.00|1.00),(10600.00|106.00),(18184.00|90.92),(43345.00|433.45)
2026-05-11,117746.00,(44046.00|1.00),(10800.00|108.00),(18400.00|92.00),(44500.00|445.00)
2026-05-08,115586.00,(44046.00|1.00),(11205.00|112.05),(17500.00|87.50),(42835.00|428.35)
2026-05-07,113475.00,(44046.00|1.00),(11725.00|117.25),(16525.00|82.62),(41179.00|411.79)
2026-05-06,110797.00,(44046.00|1.00),(11078.00|110.78),(15800.00|79.00),(39873.00|398.73)
2026-05-05,107985.00,(44046.00|1.00),(10942.00|109.42),(14060.00|70.30),(38937.00|389.37)
2026-05-04,108822.00,(44046.00|1.00),(11205.00|112.05),(14320.00|71.60),(39251.00|392.51)
2026-05-01,108846.00,(44046.00|1.00),(11264.00|112.64),(14454.00|72.27),(39082.00|390.82)
2026-04-30,107728.00,(44046.00|1.00),(10759.00|107.59),(14760.00|73.80),(38163.00|381.63)
2026-04-29,110952.00,(44046.00|1.00),(12192.00|121.92),(17434.00|87.17),(37280.00|372.80)
2026-04-28,111757.00,(44046.00|1.00),(12675.00|126.75),(17434.00|87.17),(37602.00|376.02)
2026-04-27,111717.00,(44046.00|1.00),(12370.00|123.70),(17434.00|87.17),(37867.00|378.67)
2026-04-24,109772.00,(44046.00|1.00),(12050.00|120.50),(16046.00|80.23),(37630.00|376.30)
2026-04-23,107593.00,(44046.00|1.00),(11665.00|116.65),(14510.00|72.55),(37372.00|373.72)
2026-04-22,110572.00,(44046.00|1.00),(12925.00|129.25),(14850.00|74.25),(38751.00|387.51)
2026-04-21,109532.00,(44046.00|1.00),(12318.00|123.18),(14526.00|72.63),(38642.00|386.42)
2026-04-20,109856.00,(44046.00|1.00),(11700.00|117.00),(14860.00|74.30),(39250.00|392.50)
2026-04-17,110784.00,(44046.00|1.00),(12100.00|121.00),(14576.00|72.88),(40062.00|400.62)
2026-04-16,109212.00,(44046.00|1.00),(12000.00|120.00),(14276.00|71.38),(38890.00|388.90)
2026-04-15,108501.00,(44046.00|1.00),(11000.00|110.00),(14260.00|71.30),(39195.00|391.95)
2026-04-14,103846.00,(44046.00|1.00),(9770.00|97.70),(13610.00|68.05),(36420.00|364.20)
2026-04-13,101138.00,(44046.00|1.00),(9090.00|90.90),(12760.00|63.80),(35242.00|352.42)
2026-04-10,99653.00,(44046.00|1.00),(8100.00|81.00),(12612.00|63.06),(34895.00|348.95)
2026-04-09,98535.00,(44046.00|1.00),(8065.00|80.65),(11862.00|59.31),(34562.00|345.62)
2026-04-08,98141.00,(44046.00|1.00),(8220.00|82.20),(11550.00|57.75),(34325.00|343.25)
2026-04-07,97381.00,(44046.00|1.00),(8050.00|80.50),(10620.00|53.10),(34665.00|346.65)
2026-04-06,98498.00,(44046.00|1.00),(8250.00|82.50),(10920.00|54.60),(35282.00|352.82)
2026-04-02,99153.00,(44046.00|1.00),(8100.00|81.00),(10948.00|54.74),(36059.00|360.59)
2026-04-01,100488.00,(44046.00|1.00),(8000.00|80.00),(10316.00|51.58),(38126.00|381.26)
2026-03-31,99657.00,(44046.00|1.00),(8120.00|81.20),(10316.00|51.58),(37175.00|371.75)
2026-03-30,96223.00,(44046.00|1.00),(7399.00|73.99),(9250.00|46.25),(35528.00|355.28)
2026-03-27,92394.00,(44046.00|1.00),(7312.00|73.12),(4853.00|48.53),(36183.00|361.83)
2026-03-26,94392.00,(44046.00|1.00),(7910.00|79.10),(5225.00|52.25),(37211.00|372.11)
2026-03-25,96497.00,(44046.00|1.00),(8160.00|81.60),(5696.00|56.96),(38595.00|385.95)
2026-03-24,96089.00,(44046.00|1.00),(8335.00|83.35),(5405.00|54.05),(38303.00|383.03)
2026-03-23,96907.00,(44046.00|1.00),(9134.00|91.34),(5642.00|56.42),(38085.00|380.85)
2026-03-20,95371.00,(44046.00|1.00),(9170.00|91.70),(5359.00|53.59),(36796.00|367.96)
2026-03-19,97469.00,(44046.00|1.00),(9613.00|96.13),(5780.00|57.80),(38030.00|380.30)
2026-03-18,99319.00,(44046.00|1.00),(9900.00|99.00),(6095.00|60.95),(39278.00|392.78)
2026-03-17,100515.00,(44046.00|1.00),(10447.00|104.47),(6095.00|60.95),(39927.00|399.27)
2026-03-16,39556.00,(0.00|1.00),(0.00|0.00),(0.00|0.00),(39556.00|395.56)
2026-03-13,39120.00,(0.00|1.00),(0.00|0.00),(0.00|0.00),(39120.00|391.20)
2026-03-12,39501.00,(0.00|1.00),(0.00|0.00),(0.00|0.00),(39501.00|395.01)
2026-03-11,40782.00,(0.00|1.00),(0.00|0.00),(0.00|0.00),(40782.00|407.82)
2026-03-10,39923.50,(0.00|1.00),(0.00|0.00),(0.00|0.00),(39923.50|399.24)
2026-03-09,39868.00,(0.00|1.00),(0.00|0.00),(0.00|0.00),(39868.00|398.68)
2026-03-06,39673.00,(0.00|1.00),(0.00|0.00),(0.00|0.00),(39673.00|396.73)
2026-03-05,40555.00,(0.00|1.00),(0.00|0.00),(0.00|0.00),(40555.00|405.55)
2026-03-04,40594.00,(0.00|1.00),(0.00|0.00),(0.00|0.00),(40594.00|405.94)
2026-03-03,39243.00,(0.00|1.00),(0.00|0.00),(0.00|0.00),(39243.00|392.43)
2026-03-02,40332.00,(0.00|1.00),(0.00|0.00),(0.00|0.00),(40332.00|403.32)
2026-02-27,40251.00,(0.00|1.00),(0.00|0.00),(0.00|0.00),(40251.00|402.51)
2026-02-26,40858.00,(0.00|1.00),(0.00|0.00),(0.00|0.00),(40858.00|408.58)
2026-02-25,41740.00,(0.00|1.00),(0.00|0.00),(0.00|0.00),(41740.00|417.40)
2026-02-24,40938.00,(0.00|1.00),(0.00|0.00),(0.00|0.00),(40938.00|409.38)
2026-02-23,39983.00,(0.00|1.00),(0.00|0.00),(0.00|0.00),(39983.00|399.83)
2026-02-20,41182.00,(0.00|1.00),(0.00|0.00),(0.00|0.00),(41182.00|411.82)
2026-02-19,41171.00,(0.00|1.00),(0.00|0.00),(0.00|0.00),(41171.00|411.71)
2026-02-18,41132.00,(0.00|1.00),(0.00|0.00),(0.00|0.00),(41132.00|411.32)
2026-02-17,41063.00,(0.00|1.00),(0.00|0.00),(0.00|0.00),(41063.00|410.63)
2026-02-13,41744.00,(0.00|1.00),(0.00|0.00),(0.00|0.00),(41744.00|417.44)
2026-02-12,41707.00,(0.00|1.00),(0.00|0.00),(0.00|0.00),(41707.00|417.07)
2026-02-11,42827.00,(0.00|1.00),(0.00|0.00),(0.00|0.00),(42827.00|428.27)
2026-02-10,42521.00,(0.00|1.00),(0.00|0.00),(0.00|0.00),(42521.00|425.21)
2026-02-09,41732.00,(0.00|1.00),(0.00|0.00),(0.00|0.00),(41732.00|417.32)
2026-02-06,41111.00,(0.00|1.00),(0.00|0.00),(0.00|0.00),(41111.00|411.11)
2026-02-05,39721.00,(0.00|1.00),(0.00|0.00),(0.00|0.00),(39721.00|397.21)
2026-02-04,40601.00,(0.00|1.00),(0.00|0.00),(0.00|0.00),(40601.00|406.01)
2026-02-03,42196.00,(0.00|1.00),(0.00|0.00),(0.00|0.00),(42196.00|421.96)
2026-01-30,43041.00,(0.00|1.00),(0.00|0.00),(0.00|0.00),(43041.00|430.41)
2026-01-29,41656.00,(0.00|1.00),(0.00|0.00),(0.00|0.00),(41656.00|416.56)
2026-01-28,43146.00,(0.00|1.00),(0.00|0.00),(0.00|0.00),(43146.00|431.46)
2026-01-27,43090.00,(0.00|1.00),(0.00|0.00),(0.00|0.00),(43090.00|430.90)
2026-01-26,43520.00,(0.00|1.00),(0.00|0.00),(0.00|0.00),(43520.00|435.20)
2026-01-23,44906.00,(0.00|1.00),(0.00|0.00),(0.00|0.00),(44906.00|449.06)
2026-01-22,44936.00,(0.00|1.00),(0.00|0.00),(0.00|0.00),(44936.00|449.36)
2026-01-21,43144.00,(0.00|1.00),(0.00|0.00),(0.00|0.00),(43144.00|431.44)
2026-01-20,41925.00,(0.00|1.00),(0.00|0.00),(0.00|0.00),(41925.00|419.25)
2026-01-16,43752.00,(0.00|1.00),(0.00|0.00),(0.00|0.00),(43752.00|437.52)
2026-01-15,43857.00,(0.00|1.00),(0.00|0.00),(0.00|0.00),(43857.00|438.57)
2026-01-14,43920.00,(0.00|1.00),(0.00|0.00),(0.00|0.00),(43920.00|439.20)
2026-01-13,44720.00,(0.00|1.00),(0.00|0.00),(0.00|0.00),(44720.00|447.20)
2026-01-12,44896.00,(0.00|1.00),(0.00|0.00),(0.00|0.00),(44896.00|448.96)
2026-01-09,44501.00,(0.00|1.00),(0.00|0.00),(0.00|0.00),(44501.00|445.01)
2026-01-08,43580.00,(0.00|1.00),(0.00|0.00),(0.00|0.00),(43580.00|435.80)
2026-01-07,43141.00,(0.00|1.00),(0.00|0.00),(0.00|0.00),(43141.00|431.41)
2026-01-06,43296.00,(0.00|1.00),(0.00|0.00),(0.00|0.00),(43296.00|432.96)
2026-01-05,45167.00,(0.00|1.00),(0.00|0.00),(0.00|0.00),(45167.00|451.67)
2026-01-02,43807.00,(0.00|1.00),(0.00|0.00),(0.00|0.00),(43807.00|438.07)
2025-12-31,44972.00,(0.00|1.00),(0.00|0.00),(0.00|0.00),(44972.00|449.72)
2025-12-30,45443.00,(0.00|1.00),(0.00|0.00),(0.00|0.00),(45443.00|454.43)
2025-12-29,45964.00,(0.00|1.00),(0.00|0.00),(0.00|0.00),(45964.00|459.64)
2025-12-26,47519.00,(0.00|1.00),(0.00|0.00),(0.00|0.00),(47519.00|475.19)
2025-12-24,48540.00,(0.00|1.00),(0.00|0.00),(0.00|0.00),(48540.00|485.40)
2025-12-23,48556.00,(0.00|1.00),(0.00|0.00),(0.00|0.00),(48556.00|485.56)
2025-12-22,48873.00,(0.00|1.00),(0.00|0.00),(0.00|0.00),(48873.00|488.73)
2025-12-19,48120.00,(0.00|1.00),(0.00|0.00),(0.00|0.00),(48120.00|481.20)
2025-12-18,48337.00,(0.00|1.00),(0.00|0.00),(0.00|0.00),(48337.00|483.37)
2025-12-17,46726.00,(0.00|1.00),(0.00|0.00),(0.00|0.00),(46726.00|467.26)
2025-12-16,48988.00,(0.00|1.00),(0.00|0.00),(0.00|0.00),(48988.00|489.88)
2025-12-15,47531.00,(0.00|1.00),(0.00|0.00),(0.00|0.00),(47531.00|475.31)
2025-12-12,45896.00,(0.00|1.00),(0.00|0.00),(0.00|0.00),(45896.00|458.96)
2025-12-11,44689.00,(0.00|1.00),(0.00|0.00),(0.00|0.00),(44689.00|446.89)
2025-12-10,45145.00,(0.00|1.00),(0.00|0.00),(0.00|0.00),(45145.00|451.45)
2025-12-09,44517.00,(0.00|1.00),(0.00|0.00),(0.00|0.00),(44517.00|445.17)
2025-12-08,43958.00,(0.00|1.00),(0.00|0.00),(0.00|0.00),(43958.00|439.58)
2025-12-05,45500.00,(0.00|1.00),(0.00|0.00),(0.00|0.00),(45500.00|455.00)
2025-12-04,45453.00,(0.00|1.00),(0.00|0.00),(0.00|0.00),(45453.00|454.53)
2025-12-03,44674.00,(0.00|1.00),(0.00|0.00),(0.00|0.00),(44674.00|446.74)
2025-12-02,42924.00,(0.00|1.00),(0.00|0.00),(0.00|0.00),(42924.00|429.24)
2025-12-01,43014.00,(0.00|1.00),(0.00|0.00),(0.00|0.00),(43014.00|430.14)
2025-11-28,43017.00,(0.00|1.00),(0.00|0.00),(0.00|0.00),(43017.00|430.17)
2025-11-26,42658.00,(0.00|1.00),(0.00|0.00),(0.00|0.00),(42658.00|426.58)
2025-11-25,41940.00,(0.00|1.00),(0.00|0.00),(0.00|0.00),(41940.00|419.40)
2025-11-24,41778.00,(0.00|1.00),(0.00|0.00),(0.00|0.00),(41778.00|417.78)
2025-11-21,39109.00,(0.00|1.00),(0.00|0.00),(0.00|0.00),(39109.00|391.09)
2025-11-20,39523.00,(0.00|1.00),(0.00|0.00),(0.00|0.00),(39523.00|395.23)
2025-11-19,40399.00,(0.00|1.00),(0.00|0.00),(0.00|0.00),(40399.00|403.99)
2025-11-18,40125.00,(0.00|1.00),(0.00|0.00),(0.00|0.00),(40125.00|401.25)
2025-11-17,40892.00,(0.00|1.00),(0.00|0.00),(0.00|0.00),(40892.00|408.92)
2025-11-14,40435.00,(0.00|1.00),(0.00|0.00),(0.00|0.00),(40435.00|404.35)
2025-11-13,40199.00,(0.00|1.00),(0.00|0.00),(0.00|0.00),(40199.00|401.99)
2025-11-12,43060.00,(0.00|1.00),(0.00|0.00),(0.00|0.00),(43060.00|430.60)
2025-11-11,43962.00,(0.00|1.00),(0.00|0.00),(0.00|0.00),(43962.00|439.62)
2025-11-10,44523.00,(0.00|1.00),(0.00|0.00),(0.00|0.00),(44523.00|445.23)
2025-11-07,42952.00,(0.00|1.00),(0.00|0.00),(0.00|0.00),(42952.00|429.52)
2025-11-06,44591.00,(0.00|1.00),(0.00|0.00),(0.00|0.00),(44591.00|445.91)
2025-11-05,46207.00,(0.00|1.00),(0.00|0.00),(0.00|0.00),(46207.00|462.07)
2025-11-04,44426.00,(0.00|1.00),(0.00|0.00),(0.00|0.00),(44426.00|444.26)
2025-11-03,46837.00,(0.00|1.00),(0.00|0.00),(0.00|0.00),(46837.00|468.37)
2025-10-31,45656.00,(0.00|1.00),(0.00|0.00),(0.00|0.00),(45656.00|456.56)
2025-10-30,44010.00,(0.00|1.00),(0.00|0.00),(0.00|0.00),(44010.00|440.10)
